Nazwa klubu,Miasto,Kraj,Rok założenia
1. FC Kaiserslautern,Kaiserslautern,Niemcy,1900
1. FC Nurnberg,Norymberga,Niemcy,1900
Aarhus GF,Aarhus,Dania,1880
AB Kopenhagen,Kopenhaga,Dania,
Aberdeen,Aberdeen,Szkocja,
Abha Club,Abha,Arabia Saudyjska,
AC Milan,Mediolan,Włochy,
AC Parma,Parma,Włochy,
AC Virtus,Acquaviva,San Marino,
Achmat Grozny,Grozny,Rosja,1946
ACR Messina,Mesyna,Włochy,
AD Alcorcon,Alcorcon,Hiszpania,1970
AE Larisa,Larisa,Grecja,1964
AE Prat,El Prat de Llobregat,Hiszpania,1945
AEK Ateny,Ateny,Grecja,
AF Elbasani,Elbasan,Albania,2021
AIK Solna,Sztokholm,Szwecja,1896
Ajax Amsterdam,Amsterdam,Holandia,1900
Al Quadsiah,Ad-Dammam,Arabia Saudyjska,
Al Shabab,Rijad,Arabia Saudyjska,
Al-Ahli Dżudda,Dżudda,Arabia Saudyjska,1937
Al-Arabi SC,Doha,Katar,1972
Al-Duhail,Doha,Katar,
Al-Ettifaq,Ad-Dammam,Arabia Saudyjska,
Al-Fateh,Al-Mubarraz,Arabia Saudyjska,
Al-Hilal,Rijad,Arabia Saudyjska,
Al-Ittihad FC,Dżudda,Arabia Saudyjska,
Al-Khaleej,Sajhat,Arabia Saudyjska,
Al-Nassr,Rijad,Arabia Saudyjska,
Al-Riffa,Ar-Rifa,Bahrajn,
Amica Wronki,Wronki,Polska,1992
Anderlecht,Bruksela,Belgia,
Antalyaspor,Antalya,Turcja,
Araz Nachiczewan,Nachiczewan,Azerbejdżan,
Aris Limassol,Limassol,Cypr,1930
Aris Saloniki,Saloniki,Grecja,
Arsenal,Londyn,Anglia,
AS Roma,Rzym,Włochy,
ASD Foligno,Foligno,Włochy,
Asteras Tripolis,Tripoli,Grecja,1931
Aston Villa,Birmingham,Anglia,
Atalanta Bergamo,Bergamo,Włochy,
Athletic Bilbao,Bilbao,Hiszpania,
Atlanta United,Atlanta,Stany Zjednoczone,
Atletic Escaldes,Les Escaldes,Andora,
Atletico Madryt,Madryt,Hiszpania,
Atletico Monzon,Monzon,Hiszpania,
Atromitos,Ateny,Grecja,
Auckland City,Auckland,Nowa Zelandia,
Audax Italiano,Santiago de Chile,Chile,
Austin FC,Austin,Stany Zjednoczone,
AZ Alkmaar,Alkmaar,Holandia,
B36 Torshavn,Torshavn,Wyspy Owcze,1936
Baniyas,Abu Zabi,Zjednoczone Emiraty Arabskie,
Barnsley FC,Barnsley,Anglia,
Basaksehir,Stambuł,Turcja,
Bayer Leverkusen,Leverkusen,Niemcy,1904
Bayern Monachium,Monachium,Niemcy,1900
Beitar Jerozolima,Jerozolima,Izrael,
Benevento Calcio,Benewent,Włochy,
Benfica,Lizbona,Portugalia,
Besiktas,Stambuł,Turcja,
Betis,Sewilla,Hiszpania,
Birkirkara FC,Birkirkara,Malta,1950
Birmingham City,Birmingham,Anglia,
Blackburn Rovers,Blackburn,Anglia,1875
Bodo/Glimt,Bodo,Norwegia,
Bodrum FK,Bodrum,Turcja,
Bologna,Bolonia,Włochy,
Bolton Wanderers,Horwich,Anglia,1874
Boluspor,Bolu,Turcja,
Borussia Dortmund,Dortmund,Niemcy,
Borussia Monchengladbach,Mönchengladbach,Niemcy,
Botew Płowdiw,Płowdiw,Bułgaria,
Bournemouth,Bournemouth,Anglia,
Brak klubu,,,
Breidablik,Kopavogur,Islandia,
Brentford,Londyn,Anglia,
Brescia Calcio,Brescia,Włochy,
Brighton,Brighton,Anglia,
Bristol City,Bristol,Anglia,
Brondby IF,Brondby,Dania,
Burnley,Burnley,Anglia,
CA Huracan,Buenos Aires,Argentyna,
Cagliari,Cagliari,Włochy,
Cardiff City,Cardiff,Walia,
Cattolica Calcio,Cattolica,Włochy,
Caykur Rizespor,Rize,Turcja,
Celje,Celje,Słowenia,
Celta Vigo,Vigo,Hiszpania,
Celtic,Glasgow,Szkocja,
Cercle Brugge,Brugia,Belgia,
Cesena FC,Cesena,Włochy,
CF Montanesa,Madryt,Hiszpania,
CF Monterrey,Monterrey,Meksyk,
CF Pachuca,Pachuca,Meksyk,
CFR 1907 Cluj,Kluż,Rumunia,
Charlotte FC,Charlotte,Stany Zjednoczone,
Charlton Athletic,Londyn,Anglia,
Chaves,Chaves,Portugalia,
Chelsea,Londyn,Anglia,
Chicago Fire,Chicago,Stany Zjednoczone,
Chindia Targoviste,Targoviste,Rumunia,
Chions,Chions,Włochy,
Chivas Guadalajara,Guadalajara,Meksyk,
Clermont Foot 63,Clermont-Ferrand,Francja,
Club America,Meksyk,Meksyk,
Club Brugge,Brugia,Belgia,
Colo Colo,Santiago de Chile,Chile,
Colorado Rapids,Denver,Stany Zjednoczone,
Como,Como,Włochy,
Corinthians,Sao Paolo,Brazylia,
Coventry City,Coventry,Anglia,
CP San Cristobal,Terrassa,Hiszpania,
CR Flamengo,Rio de Janeiro,Brazylia,
Cracovia,Kraków,Polska,
Cruz Azul,Meksyk,Meksyk,
Crystal Palace,Londyn,Anglia,
CSF Balti,Bielce,Mołdawia,
CSKA Moskwa,Moskwa,Rosja,
Cukaricki,Belgrad,Serbia,
DAC 1904 Dunajska Streda,Dunajska Streda,Słowacja,
Dalian Pro,Dalian,Chiny,
DC United,Waszyngton,Stany Zjednoczone,
Derby County,Derby,Anglia,
Dinamo Batumi,Batumi,Gruzja,
Dinamo City,Tirana,Albania,
Dinamo Tirana,Tirana,Albania,
Dinamo Zagrzeb,Zagrzeb,Chorwacja,
Djurgardens IF,Sztokholm,Szwecja,
Dundee Utd,Dundee,Szkocja,
Dynamo Kijów,Kijów,Ukraina,
Dynamo Moskwa,Moskwa,Rosja,
Egnatia,Rrogozhina,Albania,
Eintracht Brunszwik,Brunszwik,Niemcy,
Eintracht Frankfurt,Frankfurt,Niemcy,
Empoli,Empoli,Włochy,
Espanyol,Barcelona,Hiszpania,
Everton,Liverpool,Anglia,
Exeter City,Exeter,Anglia,
FA Siauliai,Szawle,Litwa,
Fakieł Woroneż,Woroneż,Rosja,
Farmalicao,Vila Nova de Famalicao,Portugalia,
Fatih Karagumruk,Stambuł,Turcja,
FC Andorra,Andora,Andora,
FC Augsburg,Augsburg,Niemcy,
FC Barcelona,Barcelona,Hiszpania,
FC Botosani,Botoszany,Rumunia,
FC Crotone,Crotone,Włochy,
FC Dallas,Frisco,Stany Zjednoczone,
FC Groningen,Groningen,Holandia,
FC Hegelmann,Czerwony Dwór,Litwa,
FC Koln,Kolonia,Niemcy,
FC Kopenhaga,Kopenhaga,Dania,
FC Porto,Porto,Portugalia,
FC Santa Coloma,Santa Coloma,Andora,
FC Sion,Sion,Szwajcaria,
FC UTA Arad,Arad,Rumunia,
FC Voluntari,Voluntari,Rumunia,
Fenerbahce,Stambuł,Turcja,
Ferencvaros,Budapeszt,Węgry,
Feyenoord,Rotterdam,Holandia,
Fiorentina,Florencja,Włochy,
FK Astana,Astana,Kazachstan,
FK Auda,Kekava,Łotwa,
FK Lipawa,Lipawa,Łotwa,
FK Ołeksandrija,Aleksandria,Ukraina,
FK Pari Niżny Nowogród,Niżny Nowogród,Rosja,
Flora Tallinn,Tallinn,Estonia,
Floriana FC,Floriana,Malta,
Folgore Falciano,Falciano,San Marino,
Fortuna Dusseldorf,Dusseldorf,Niemcy,
Fredrikstad FK,Fredrikstad,Norwegia,
Frosinone,Frosinone,Włochy,
FSV Mainz 05,Moguncja,Niemcy,
Fulham,Londyn,Anglia,
FV Forli,Forli,Włochy,
GAIS,Goteborg,Szwecja,
Galatasaray,Stambuł,Turcja,
Gaziantep FK,Gaziantep,Turcja,
Genoa,Genua,Włochy,
Girona FC,Girona,Hiszpania,
GKS Katowice,Katowice,Polska,
Glasgow Rangers,Glasgow,Szkocja,
Go Ahead Eagles,Deventer,Holandia,
Górnik Zabrze,Zabrze,Polska,
Granada FC,Grenada,Hiszpania,
Grasshoper,Zurych,Szwajcaria,
Grenoble Foot 38,Grenoble,Francja,
GS Diagoras,Rodos,Grecja,
Gwangju FC,Gwangju,Korea Południowa,
Gzira United,Gzira,Malta,
Hajduk Split,Split,Chorwacja,
Hammarby IF,Sztokholm,Szwecja,
Hamrun Spartans,Hamrun,Malta,
Hannover 96,Hanower,Niemcy,
HB Torshavn,Torshavn,Wyspy Owcze,
Heart of Midlothian,Edynburg,Szkocja,
Heerenveen,Heerenveen,Holandia,
Hepoel Kefar Sawa,Kefar Sawa,Izrael,
Hertha Berlin,Berlin,Niemcy,
Hibernians FC,Paola,Malta,
HJK Helsinki,Helsinki,Finlandia,
HNK Rijeka,Rijeka,Chorwacja,
Holstein Kiel,Kilonia,Niemcy,
Houston Dynamo,Houston,Stany Zjednoczone,
Huddersfield Town,Huddersfield,Anglia,
Hull City,Hull,Anglia,
Hutnik Kraków,Kraków,Polska,
IFK Goteborg,Goteborg,Szwecja,
Ilves,Tampere,Finlandia,
Inter Escaldes,Les Escaldes,Andora,
Inter Mediolan,Mediolan,Włochy,
Ipswich Town,Ipswich,Anglia,
Istanbulspor,Stambuł,Turcja,
Jagiellonia,Białystok,Polska,
Jahn Regensburg,Ratyzbona,Niemcy,
Juvenes/Dogana,Serravalle,San Marino,
Juventus Turyn,Turyn,Włochy,
KAA Gent,Gandawa,Belgia,
Kajrat Ałmaty,Ałmaty,Kazachstan,
Kallithea,Ateny,Grecja,
Kalmar,Kalmar,Szwecja,
Karabach Agdam,Agdam,Azerbejdżan,
Karpaty Lwów,Lwów,Ukraina,
Kasimpasa,Stambuł,Turcja,
KI Klaksvik,Klaksvik,Wyspy Owcze,
Kilmarnock,Kilmarnock,Szkocja,
Knattspyrnufélag Akureyrar,Akureyri,Islandia,
Konyaspor,Konya,Turcja,
Korona Kielce,Kielce,Polska,
Krasnodar,Krasnodar,Rosja,
KuPS,Kuopio,Finlandia,
KVC Westerlo,Westerlo,Belgia,
La Fiorita,Montegiardino,San Marino,
Las Palmas,Las Palmas,Hiszpania,
LASK Linz,Linz,Austria,
Lazio,Rzym,Włochy,
Lecce,Lecce,Włochy,
Lech Poznań,Poznań,Polska,
Lechia Gdańsk,Gdańsk,Polska,
Leeds United,Leeds,Anglia,
Legia Warszawa,Warszawa,Polska,
Leicester City,Leicester,Anglia,
Levadia Tallinn,Tallinn,Estonia,
Liverpool,Liverpool,Anglia,
Lokomotiva Zagrzeb,Zagrzeb,Chorwacja,
Lokomotiw Moskwa,Moskwa,Rosja,
Lommel SK,Lommel,Belgia,
Los Angeles FC,Los Angeles,Stany Zjednoczone,
Lucchese,Lukka,Włochy,
Łudogorec,Razgrad,Bułgaria,
Luton Town,Luton,Anglia,
Maccabi Petach Tikwa,Petach Tikwa,Izrael,
Mallorca,Palma,Hiszpania,
Malmo FF,Malmo,Szwecja,
Manchego Ciudad Real,Ciudad Real,Hiszpania,
Manchester City,Manchester,Anglia,
Manchester United,Manchester,Anglia,
Marsaxlokk,Marsaxlokk,Malta,
Middlesbrough,Middlesbrough,Anglia,
Midtjylland,Herning,Dania,
Millwall,Londyn,Anglia,
Milton Keynes Dons,Milton Keynes,Anglia,
Minnesota United,Minneapolis,Stany Zjednoczone,
Mjallby AIF,Mjallby,Szwecja,
Mlada Boleslav,Mlada Boleslav,Czechy,
Monaco,Monako,Francja,
Monza,Monza,Włochy,
Motherwell  FC,Motherwell,Szkocja,
Motor Lublin,Lublin,Polska,
MTK Budapest,Budapeszt,Węgry,
Napoli,Neapol,Włochy,
Naxxar Lions,Naxxar,Malta,
New England Revolution,Foxborough,Stany Zjednoczone,
New York City FC,Nowy Jork,Stany Zjednoczone,
New York Red Bulls,Nowy Jork,Stany Zjednoczone,
Newcastle United,Newcastle,Anglia,
NK Istra 1961,Pula,Chorwacja,
NK Maribor,Maribor,Słowenia,
NK Osijek,Osijek,Chorwacja,
Nomme Kalju,Nomme,Estonia,
Norwich City,Norwich,Anglia,
Nottingham Forest,Nottingham,Anglia,
Odense Boldklub,Odense,Dania,
Odra Opole,Opole,Polska,
OGC Nice,Nicea,Francja,
Olimpija Lublana,Lublana,Słowenia,
Olympiakos,Pireus,Grecja,
Olympique Lyon,Lyon,Francja,
Olympique Marsylia,Marsylia,Francja,
Omonia Nikozja,Nikozja,Cypr,
Ordabasy,Szymkent,Kazachstan,
Orgryte IS,Goteborg,Szwecja,
Osasuna,Pampeluna,Hiszpania,
Osters IF,Vaxjo,Szwecja,
Otelul Galati,Gałacz,Rumunia,
Pacos de Ferreira,Pacos de Ferreira,Portugalia,
Pafos,Pafos,Cypr,
Palermo FC,Palermo,Włochy,
Panathinaikos,Ateny,Grecja,
Panseraikos,Seres,Grecja,
PAOK Saloniki,Saloniki,Grecja,
PEC Zwolle,Zwolle,Holandia,
Peterborough United,Peterborough,Anglia,
Petrocub Hincesti,Hincesti,Mołdawia,
PFK Soczi,Soczi,Rosja,
Philadelphia Union MLS,Filadelfia,Stany Zjednoczone,
Piast Gliwice,Gliwice,Polska,
Pisa SC,Piza,Włochy,
Piunik Erywań,Erywań,Armenia,
Plymouth Argyle,Plymuth,Anglia,
Pobla de Mafumet,La Pobla de Mafumet,Hiszpania,
Pogoń Siedlce,Siedlce,Polska,
Pogoń Szczecin,Szczecin,Polska,
Polissia Żytomierz,Żytomierz,Ukraina,
Polonia,Warszawa,Polska,
Port Vale,Burslem,Anglia,
Portland Timbers,Portland,Stany Zjednoczone,
Portsmouth FC,Portsmouth,Anglia,
Preston North End,Preston,Anglia,
PSG,Paryż,Francja,
PSV Eindhoven,Eindhoven,Holandia,
Puskás Akademia,Felcsut,Węgry,
Puszcza Niepołomice,Niepołomice,Polska,
Queens Park Rangers,Londyn,Anglia,
Racing Genk,Genk,Belgia,
Radomiak,Radom,Polska,
Raków,Częstochowa,Polska,
Raufoss IL,Raufoss,Norwegia,
Rayo Vallecano,Madryt,Hiszpania,
RB Lipsk,Lipsk,Niemcy,
RB Salzburg,Salzburg,Austria,
RC Lens,Lens,Francja,
RC Strasbourg,Strasburg,Francja,
Reading,Reading,Anglia,
Real Madryt,Madryt,Hiszpania,
Real Oviedo,Oviedo,Hiszpania,
Real Salt Lake,Salt Lake City,Stany Zjednoczone,
Real Sociedad,San Sebastian,Hiszpania,
RFS Riga,Ryga,Łotwa,
Riga FC,Ryga,Łotwa,
Rosenborg,Trondheim,Norwegia,
Rotherham United,Rotherham,Anglia,
Royal Antwerp,Antwerpia,Belgia,
Royale Union SG,Bruksela,Belgia,
Rubin Kazań,Kazań,Rosja,
Ruch Chorzów,Chorzów,Polska,
Sagan Tosu,Tosu,Japonia,
Saint-Etienne,Saint-Etienne,Francja,
Salernitana,Salerno,Włochy,
Sampdoria,Genua,Włochy,
San Giovanni,Borgo Maggiore,San Marino,
Sandefjord Fotball,Sandefjord,Norwegia,
Sanliurfaspor,Sanliurfa,Turcja,
Sassuolo,Sassuolo,Włochy,
SC Braga,Braga,Portugalia,
SC Cambuur,Leeuwarden,Holandia,
SC Freiburg,Fryburg,Niemcy,
Schalke,Gelsenkirchen,Niemcy,
SD Formentera,Formentera,Hiszpania,
SD Tarazona,Tarazona,Hiszpania,
Sepsi,Sfantu Gheorghe,Rumunia,
Sevilla FC,Sewilla,Hiszpania,
Shamrock Rovers,Dublin,Irlandia,
Sheffield United,Sheffield,Anglia,
Sheffield Wednesday,Sheffield,Anglia,
Sheriff Tyraspol,Tyraspol,Mołdawia,
Sigma Ołomuniec,Ołomuniec,Czechy,
Silkeborg IF,Silkeborg,Dania,
Slaven Belupo,Koprivnica,Chorwacja,
Slavia Praga,Praga,Czechy,
Sławija Mozyrz,Mozyrz,Białoruś,
Sliema Wanderers,Sliema,Malta,
Sligo Rovers,Sligo,Irlandia,
Slovan Liberec,Liberec,Czechy,
Southampton,Southampton,Anglia,
SPAL,Ferrara,Włochy,
Sparta Praga,Praga,Czechy,
Spartak Moskwa,Moskwa,Rosja,
Spezia Calcio,La Spezia,Włochy,
Sporting Lizbona,Lizbona,Portugalia,
SS Murata,Murata,San Marino,
St. Pauli,Hamburg,Niemcy,
Stade de Reims,Reims,Francja,
Stade Rennais,Rennes,Francja,
Stal Mielec,Mielec,Polska,
Stellenbosch FC,Stellenbosch,Republika Południowej Afryki,
Stoke City,Stoke-on-Trent,Anglia,
Sturm Graz,Graz,Austria,
Suduva,Mariampol,Litwa,
Sunderland,Sunderland,Anglia,
SV Darmstadt 98,Darmstadt,Niemcy,
SV Sandhausen,Sandhausen,Niemcy,
Swansea,Swansea,Walia,
Swindon Town,Swindon,Anglia,
Szachtar Donieck,Donieck,Ukraina,
Tallinna Kalev,Tallinn,Estonia,
Tampines Rovers,Tampines,Singapur,
Torino,Turyn,Włochy,
Tottenham,Londyn,Anglia,
Trabzonspor,Trabzon,Turcja,
Tre Fiori,Fiorentino,San Marino,
Triestina Calcio,Triest,Włochy,
Tropical Coriano,Coriano,Włochy,
TSC Backa Topola,Backa Topola,Serbia,
TSG Hoffenheim,Hoffenheim,Niemcy,
TSV 1860 Monachium,Monachium,Niemcy,
Turan Tovuz,Tovuz,Azerbejdżan,
Twente,Enschede,Holandia,
Udinese Calcio,Udine,Włochy,
UE Castelldefels,Castelldefels,Hiszpania,
UE Engordany,Engordany,Andora,
UE Sant Andreu,Barcelona,Hiszpania,
UE Santa Coloma,Santa Coloma,Andora,
Union Berlin,Berlin,Niemcy,
Unirea Dej,Dej,Rumunia,
Unirea Slobozia,Slobozia,Rumunia,
Universidad de Chile,Santiago de Chile,Chile,
Universitatea Cluj,Kluż,Rumunia,
Ural Jekaterynburg,Jekaterynburg,Rosja,
Valletta FC,Valletta,Malta,
Valmiera FC,Valmiera,Łotwa,
Vancouver Whitecaps,Vancouver,Kanada,
Vejle BK,Vejle,Dania,
Venezia,Wenecja,Włochy,
Verona,Werona,Włochy,
Vfb Stuttgart,Stuttgart,Niemcy,
Vfl Wolfsburg,Wolfsburg,Niemcy,
Videoton Fehervar,Szekesfehervar,Węgry,
Vikingur Gota,Leirvik,Wyspy Owcze,
Vikingur Reykjavík,Rejkiawik,Islandia,
Viktoria Pilzno,Pilzno,Czechy,
Villareal,Vila-real,Hiszpania,
Virtus Entella,Chiavari,Włochy,
Vitesse,Arnhem,Holandia,
Watford,Watford,Anglia,
Wellington Phoenix,WellingtoN,Nowa Zelandia,
Werder Brema,Brema,Niemcy,
Weres Równe,Równe,Ukraina,
West Bromwich Albion,West Bromwich,Anglia,
West Ham,Londyn,Anglia,
Widzew,Łódź,Polska,
Wigan Athletic,Wigan,Anglia,
Wisła Kraków,Kraków,Polska,
Wolverhampton,Wolverhampton,Anglia,
Worskła Połtawa,Połtawa,Ukraina,
Zagłębie Lubin,Lubin,Polska,
Żalgiris Kowno,Kowno,Litwa,
Żalgiris Wilno,Wilno,Litwa,
Zemplin Michalovce,Michalovce,Słowacja,
Zenit,Petersburg,Rosja,
Zimbru Kiszyniów,Kiszyniów,Mołdawia,
Zulte Waregem,Waregem,Belgia,